{
  "hash": "57c02892",
  "configHash": "3a5f23f0",
  "lockfileHash": "e44f032c",
  "browserHash": "dc9ed2a4",
  "optimized": {
    "@angular/common": {
      "src": "../../../../../../node_modules/@angular/common/fesm2022/common.mjs",
      "file": "@angular_common.js",
      "fileHash": "c18ee2aa",
      "needsInterop": false
    },
    "@angular/common/http": {
      "src": "../../../../../../node_modules/@angular/common/fesm2022/http.mjs",
      "file": "@angular_common_http.js",
      "fileHash": "bde854ed",
      "needsInterop": false
    },
    "@angular/core": {
      "src": "../../../../../../node_modules/@angular/core/fesm2022/core.mjs",
      "file": "@angular_core.js",
      "fileHash": "3a4a8705",
      "needsInterop": false
    },
    "@angular/forms": {
      "src": "../../../../../../node_modules/@angular/forms/fesm2022/forms.mjs",
      "file": "@angular_forms.js",
      "fileHash": "feca708c",
      "needsInterop": false
    },
    "@angular/platform-browser": {
      "src": "../../../../../../node_modules/@angular/platform-browser/fesm2022/platform-browser.mjs",
      "file": "@angular_platform-browser.js",
      "fileHash": "12fa1b8d",
      "needsInterop": false
    },
    "@angular/router": {
      "src": "../../../../../../node_modules/@angular/router/fesm2022/router.mjs",
      "file": "@angular_router.js",
      "fileHash": "bec7b5ed",
      "needsInterop": false
    },
    "zone.js": {
      "src": "../../../../../../node_modules/zone.js/fesm2015/zone.js",
      "file": "zone__js.js",
      "fileHash": "117c0fca",
      "needsInterop": true
    }
  },
  "chunks": {
    "chunk-YE5GRTKZ": {
      "file": "chunk-YE5GRTKZ.js"
    },
    "chunk-DJCLP7AV": {
      "file": "chunk-DJCLP7AV.js"
    },
    "chunk-5EP3ZPQO": {
      "file": "chunk-5EP3ZPQO.js"
    },
    "chunk-CSPLI7JI": {
      "file": "chunk-CSPLI7JI.js"
    },
    "chunk-PHRUWRED": {
      "file": "chunk-PHRUWRED.js"
    },
    "chunk-WDMUDEB6": {
      "file": "chunk-WDMUDEB6.js"
    }
  }
}